-- phpMyAdmin SQL Dump
-- version 5.2.1
-- https://www.phpmyadmin.net/
--
-- Hôte : 127.0.0.1
-- Généré le : sam. 27 sep. 2025 à 20:53
-- Version du serveur : 10.4.32-MariaDB
-- Version de PHP : 8.2.12

SET SQL_MODE = "NO_AUTO_VALUE_ON_ZERO";
START TRANSACTION;
SET time_zone = "+00:00";


/*!40101 SET @OLD_CHARACTER_SET_CLIENT=@@CHARACTER_SET_CLIENT */;
/*!40101 SET @OLD_CHARACTER_SET_RESULTS=@@CHARACTER_SET_RESULTS */;
/*!40101 SET @OLD_COLLATION_CONNECTION=@@COLLATION_CONNECTION */;
/*!40101 SET NAMES utf8mb4 */;

--
-- Base de données : `mydb`
--

-- --------------------------------------------------------

--
-- Structure de la table `bookmarks`
--

CREATE TABLE `bookmarks` (
  `id` int(11) NOT NULL,
  `user_id` int(11) DEFAULT NULL,
  `book_id` int(11) DEFAULT NULL,
  `page_number` int(11) NOT NULL,
  `bookmark_name` varchar(100) DEFAULT NULL,
  `created_at` timestamp NULL DEFAULT current_timestamp()
) ENGINE=InnoDB DEFAULT CHARSET=utf8mb4 COLLATE=utf8mb4_general_ci;

--
-- Déchargement des données de la table `bookmarks`
--

INSERT INTO `bookmarks` (`id`, `user_id`, `book_id`, `page_number`, `bookmark_name`, `created_at`) VALUES
(4, 20, 2, 17, 'La puissance de Dieu', '2025-08-08 18:52:25');

-- --------------------------------------------------------

--
-- Structure de la table `books`
--

CREATE TABLE `books` (
  `id` int(11) NOT NULL,
  `title` varchar(255) NOT NULL,
  `description` text DEFAULT NULL,
  `author` varchar(100) DEFAULT NULL,
  `cover_image` varchar(255) DEFAULT NULL,
  `file_path` varchar(255) NOT NULL,
  `pages_count` int(11) DEFAULT NULL,
  `publication_year` int(11) DEFAULT NULL,
  `publisher` varchar(100) DEFAULT NULL,
  `is_featured` tinyint(1) DEFAULT 0,
  `views_count` int(11) DEFAULT 0,
  `created_at` timestamp NULL DEFAULT current_timestamp(),
  `updated_at` timestamp NULL DEFAULT current_timestamp() ON UPDATE current_timestamp()
) ENGINE=InnoDB DEFAULT CHARSET=utf8mb4 COLLATE=utf8mb4_general_ci;

--
-- Déchargement des données de la table `books`
--

INSERT INTO `books` (`id`, `title`, `description`, `author`, `cover_image`, `file_path`, `pages_count`, `publication_year`, `publisher`, `is_featured`, `views_count`, `created_at`, `updated_at`) VALUES
(2, 'Bonjour Saint Esprit', 'Bonjour Saint Esprit de benny Hinn', 'Benny hinn', '../assets/uploads/covers/1758895646_Bonjour_Saint_Esprit.png', '../assets/uploads/books/1758991686_Bonjour_Saint_Esprit.pdf', 263, 2010, 'Benny hinn', 1, 33, '2025-06-26 17:14:04', '2025-09-27 16:48:06'),
(4, 'La foi qui bouge vos problemes', 'La foi qui bouge vos problèmes avec Kenneth Hagin', 'Kenneth E.Hagin', '../assets/uploads/covers/1758895506_La_foi_qui_bouge_vos_problemes.png', '../assets/uploads/books/1750959823_La_foi_qui_bouge_vos_problemes.pdf', 139, 1981, 'Kenneth E.Hagin', 1, 29, '2025-06-26 17:43:43', '2025-09-26 14:05:06'),
(5, '4 SECRETS D\'UN MARIAGE RÉUSSI', '4 SECRETS D\'UN MARIAGE RÉUSSI Yvan Castanou', 'Yvan Castanou', '../assets/uploads/covers/1758895469_4_SECRETS_D\'UN_MARIAGE_RÉUSSI.png', '../assets/uploads/books/1758896621_4_SECRETS_D\'UN_MARIAGE_RÉUSSI.pdf', 144, 2020, 'Yvan Castanou', 1, 60, '2025-06-26 17:55:55', '2025-09-27 16:00:51'),
(7, 'Comprendre la prière', 'Comprendre la prière de Prophète Avenir Mola Docteur ecrivain', 'Prophète Avenir Mola Docteur ecrivain', '../assets/uploads/covers/1758895437_Comprendre_la_prière.png', '../assets/uploads/books/1751556018_Comprendre_la_prière.pdf', 168, 2024, 'Prophète Avenir Mola Docteur ecrivain', 1, 87, '2025-07-03 15:20:18', '2025-09-27 16:20:32'),
(8, 'L\'art d\'être Berger', 'Livre L\'art d\'être Berger de  Dag Heward-Mills', 'Dag Heward-Mills', '../assets/uploads/covers/1758895412_L\'art_d\'être_Berger.png', '../assets/uploads/books/1758963714_L\'art_d\'être_Berger.pdf', 273, 2020, 'Dag Heward-Mills', 1, 50, '2025-07-04 16:50:19', '2025-09-27 09:04:48');

-- --------------------------------------------------------

--
-- Structure de la table `book_categories`
--

CREATE TABLE `book_categories` (
  `book_id` int(11) NOT NULL,
  `category_id` int(11) NOT NULL
) ENGINE=InnoDB DEFAULT CHARSET=utf8mb4 COLLATE=utf8mb4_general_ci;

-- --------------------------------------------------------

--
-- Structure de la table `categories`
--

CREATE TABLE `categories` (
  `id` int(11) NOT NULL,
  `name` varchar(100) NOT NULL,
  `description` text DEFAULT NULL,
  `parent_id` int(11) DEFAULT NULL,
  `created_at` timestamp NULL DEFAULT current_timestamp(),
  `updated_at` timestamp NULL DEFAULT current_timestamp() ON UPDATE current_timestamp()
) ENGINE=InnoDB DEFAULT CHARSET=utf8mb4 COLLATE=utf8mb4_general_ci;

--
-- Déchargement des données de la table `categories`
--

INSERT INTO `categories` (`id`, `name`, `description`, `parent_id`, `created_at`, `updated_at`) VALUES
(1, 'Théologie', 'Livres sur la doctrine et les études théologiques', NULL, '2025-04-30 18:56:00', '2025-04-30 18:56:00'),
(2, 'Dévotion', 'Livres pour la croissance spirituelle personnelle', NULL, '2025-04-30 18:56:00', '2025-04-30 18:56:00'),
(3, 'Histoire de l\'Église', 'Livres sur l\'histoire du christianisme', NULL, '2025-04-30 18:56:00', '2025-04-30 18:56:00'),
(4, 'Biographies', 'Biographies de personnages bibliques et de chrétiens importants', NULL, '2025-04-30 18:56:00', '2025-04-30 18:56:00'),
(5, 'Études bibliques', 'Commentaires et études des livres de la Bible', NULL, '2025-04-30 18:56:00', '2025-04-30 18:56:00'),
(6, 'IBOOK', '', NULL, '2025-07-08 08:49:33', '2025-07-08 08:49:33');

-- --------------------------------------------------------

--
-- Structure de la table `comments`
--

CREATE TABLE `comments` (
  `id` int(11) NOT NULL,
  `user_id` int(11) DEFAULT NULL,
  `book_id` int(11) DEFAULT NULL,
  `comment_text` text NOT NULL,
  `rating` int(11) NOT NULL,
  `is_validated` tinyint(1) DEFAULT 0,
  `is_featured` tinyint(1) DEFAULT 0,
  `is_recommended` tinyint(1) DEFAULT 0 COMMENT 'Indique si l utilisateur recommande ce livre',
  `created_at` timestamp NULL DEFAULT current_timestamp(),
  `updated_at` timestamp NULL DEFAULT current_timestamp() ON UPDATE current_timestamp()
) ENGINE=InnoDB DEFAULT CHARSET=utf8mb4 COLLATE=utf8mb4_general_ci;

--
-- Déchargement des données de la table `comments`
--

INSERT INTO `comments` (`id`, `user_id`, `book_id`, `comment_text`, `rating`, `is_validated`, `is_featured`, `is_recommended`, `created_at`, `updated_at`) VALUES
(2, 2, 4, 'c\'etais puissant en vrai', 5, 1, 0, 0, '2025-06-26 18:43:56', '2025-06-26 18:43:56'),
(3, 2, 5, 'Colle', 5, 1, 0, 0, '2025-06-26 21:19:59', '2025-06-26 21:19:59'),
(5, NULL, 5, 'Coll trop coll', 5, 1, 0, 0, '2025-06-30 16:36:34', '2025-06-30 16:36:34'),
(7, 2, 8, 'trop colle', 5, 1, 0, 0, '2025-07-04 16:53:37', '2025-07-04 16:53:37'),
(8, NULL, 5, 'cool c\'est super', 5, 1, 0, 0, '2025-07-20 20:30:13', '2025-07-20 20:30:13'),
(12, NULL, 7, 'colle', 5, 1, 0, 0, '2025-07-21 11:43:53', '2025-07-21 11:43:53'),
(13, NULL, 8, 'quand meme', 3, 1, 0, 0, '2025-07-21 13:40:17', '2025-07-21 13:40:17'),
(14, NULL, 8, 'quand meme', 3, 1, 0, 0, '2025-07-21 13:40:33', '2025-07-21 13:40:33'),
(15, NULL, 8, 'quand meme', 3, 1, 0, 0, '2025-07-21 13:43:25', '2025-07-21 13:43:25'),
(16, NULL, 8, 'quand meme', 3, 1, 0, 0, '2025-07-21 13:45:22', '2025-07-21 13:45:22'),
(19, 2, 7, 'J’aime trop', 5, 1, 0, 0, '2025-07-22 08:09:00', '2025-07-22 08:19:58'),
(24, NULL, 7, 'j\'aime beaucoup ce livre', 5, 1, 0, 0, '2025-08-03 12:37:53', '2025-08-03 12:37:53'),
(31, 20, 2, 'j\'aime trop ce livre deja', 5, 1, 0, 0, '2025-08-06 14:30:47', '2025-08-06 14:30:47'),
(32, 20, 8, 'Trop colle comme livre', 5, 1, 0, 0, '2025-08-08 19:05:16', '2025-08-08 19:05:16');

-- --------------------------------------------------------

--
-- Structure de la table `notes`
--

CREATE TABLE `notes` (
  `id` int(11) NOT NULL,
  `user_id` int(11) DEFAULT NULL,
  `book_id` int(11) DEFAULT NULL,
  `page_number` int(11) DEFAULT NULL,
  `note_text` text NOT NULL,
  `created_at` timestamp NULL DEFAULT current_timestamp(),
  `updated_at` timestamp NULL DEFAULT current_timestamp() ON UPDATE current_timestamp()
) ENGINE=InnoDB DEFAULT CHARSET=utf8mb4 COLLATE=utf8mb4_general_ci;

--
-- Déchargement des données de la table `notes`
--

INSERT INTO `notes` (`id`, `user_id`, `book_id`, `page_number`, `note_text`, `created_at`, `updated_at`) VALUES
(8, 24, 5, 23, 'l\'attachement a Dieu', '2025-09-27 16:30:31', '2025-09-27 16:30:31');

-- --------------------------------------------------------

--
-- Structure de la table `reading_history`
--

CREATE TABLE `reading_history` (
  `id` int(11) NOT NULL,
  `user_id` int(11) DEFAULT NULL,
  `book_id` int(11) DEFAULT NULL,
  `action` enum('started','continued','finished') NOT NULL,
  `page_number` int(11) DEFAULT NULL,
  `timestamp` timestamp NULL DEFAULT current_timestamp()
) ENGINE=InnoDB DEFAULT CHARSET=utf8mb4 COLLATE=utf8mb4_general_ci;

--
-- Déchargement des données de la table `reading_history`
--

INSERT INTO `reading_history` (`id`, `user_id`, `book_id`, `action`, `page_number`, `timestamp`) VALUES
(22, 2, 5, 'continued', 1, '2025-06-26 18:33:57'),
(23, 2, 5, 'continued', 2, '2025-06-26 18:34:02'),
(24, 2, 5, 'continued', 3, '2025-06-26 18:34:05'),
(25, 2, 4, 'continued', 1, '2025-06-26 18:43:15'),
(26, 2, 4, 'continued', 2, '2025-06-26 18:43:16'),
(27, 2, 4, 'continued', 3, '2025-06-26 18:43:19'),
(28, 2, 4, 'continued', 4, '2025-06-26 18:53:07'),
(29, 2, 4, 'continued', 5, '2025-06-26 18:53:09'),
(30, 4, 5, 'continued', 1, '2025-06-26 20:22:55'),
(31, 4, 5, 'continued', 2, '2025-06-26 20:23:02'),
(32, 4, 5, 'continued', 3, '2025-06-26 20:23:07'),
(33, 4, 5, 'continued', 4, '2025-06-26 20:23:17'),
(34, 3, 5, 'continued', 1, '2025-06-26 20:23:18'),
(35, 3, 5, 'continued', 2, '2025-06-26 20:23:26'),
(36, 4, 5, 'continued', 5, '2025-06-26 20:23:30'),
(37, 4, 5, 'continued', 6, '2025-06-26 20:23:30'),
(38, 4, 5, 'continued', 7, '2025-06-26 20:23:31'),
(39, 4, 5, 'continued', 8, '2025-06-26 20:23:31'),
(40, 4, 5, 'continued', 9, '2025-06-26 20:23:31'),
(41, 4, 5, 'continued', 10, '2025-06-26 20:23:31'),
(42, 3, 5, 'continued', 3, '2025-06-26 20:23:31'),
(43, 4, 5, 'continued', 11, '2025-06-26 20:23:32'),
(44, 4, 5, 'continued', 12, '2025-06-26 20:23:32'),
(45, 4, 5, 'continued', 13, '2025-06-26 20:23:32'),
(46, 4, 5, 'continued', 14, '2025-06-26 20:23:32'),
(47, 4, 5, 'continued', 15, '2025-06-26 20:23:32'),
(48, 4, 5, 'continued', 16, '2025-06-26 20:23:32'),
(49, 4, 5, 'continued', 17, '2025-06-26 20:23:32'),
(50, 4, 5, 'continued', 18, '2025-06-26 20:23:32'),
(51, 4, 5, 'continued', 19, '2025-06-26 20:23:32'),
(52, 4, 5, 'continued', 20, '2025-06-26 20:23:32'),
(53, 4, 5, 'continued', 21, '2025-06-26 20:23:33'),
(54, 4, 5, 'continued', 22, '2025-06-26 20:23:33'),
(55, 3, 5, 'continued', 4, '2025-06-26 20:23:33'),
(56, 4, 5, 'continued', 23, '2025-06-26 20:23:33'),
(57, 4, 5, 'continued', 24, '2025-06-26 20:23:33'),
(58, 4, 5, 'continued', 25, '2025-06-26 20:23:33'),
(59, 4, 5, 'continued', 26, '2025-06-26 20:23:34'),
(60, 4, 5, 'continued', 27, '2025-06-26 20:23:34'),
(61, 4, 5, 'continued', 28, '2025-06-26 20:23:34'),
(62, 4, 5, 'continued', 29, '2025-06-26 20:23:34'),
(63, 4, 5, 'continued', 30, '2025-06-26 20:23:34'),
(64, 4, 5, 'continued', 31, '2025-06-26 20:23:34'),
(65, 4, 5, 'continued', 32, '2025-06-26 20:23:34'),
(66, 4, 5, 'continued', 33, '2025-06-26 20:23:34'),
(67, 4, 5, 'continued', 34, '2025-06-26 20:23:34'),
(68, 4, 5, 'continued', 35, '2025-06-26 20:23:34'),
(69, 4, 5, 'continued', 37, '2025-06-26 20:23:34'),
(70, 4, 5, 'continued', 39, '2025-06-26 20:23:34'),
(71, 4, 5, 'continued', 42, '2025-06-26 20:23:34'),
(72, 4, 5, 'continued', 43, '2025-06-26 20:23:34'),
(73, 4, 5, 'continued', 44, '2025-06-26 20:23:35'),
(74, 4, 5, 'continued', 45, '2025-06-26 20:23:35'),
(75, 4, 5, 'continued', 46, '2025-06-26 20:23:35'),
(76, 4, 5, 'continued', 47, '2025-06-26 20:23:35'),
(77, 4, 5, 'continued', 48, '2025-06-26 20:23:35'),
(78, 4, 5, 'continued', 49, '2025-06-26 20:23:35'),
(79, 4, 5, 'continued', 50, '2025-06-26 20:23:35'),
(80, 4, 5, 'continued', 51, '2025-06-26 20:23:36'),
(81, 4, 5, 'continued', 53, '2025-06-26 20:23:36'),
(82, 4, 5, 'continued', 56, '2025-06-26 20:23:36'),
(83, 4, 5, 'continued', 57, '2025-06-26 20:23:36'),
(84, 4, 5, 'continued', 60, '2025-06-26 20:23:36'),
(85, 4, 5, 'continued', 61, '2025-06-26 20:23:36'),
(86, 4, 5, 'continued', 62, '2025-06-26 20:23:36'),
(87, 4, 5, 'continued', 63, '2025-06-26 20:23:36'),
(88, 4, 5, 'continued', 64, '2025-06-26 20:23:37'),
(89, 4, 5, 'continued', 65, '2025-06-26 20:23:37'),
(90, 4, 5, 'continued', 67, '2025-06-26 20:23:37'),
(91, 4, 5, 'continued', 69, '2025-06-26 20:23:37'),
(92, 4, 5, 'continued', 66, '2025-06-26 20:23:37'),
(93, 4, 5, 'continued', 68, '2025-06-26 20:23:37'),
(94, 4, 5, 'continued', 70, '2025-06-26 20:23:37'),
(95, 4, 5, 'continued', 71, '2025-06-26 20:23:37'),
(96, 4, 5, 'continued', 74, '2025-06-26 20:23:38'),
(97, 4, 5, 'continued', 75, '2025-06-26 20:23:38'),
(98, 4, 5, 'continued', 76, '2025-06-26 20:23:38'),
(99, 4, 5, 'continued', 79, '2025-06-26 20:23:38'),
(100, 4, 5, 'continued', 78, '2025-06-26 20:23:38'),
(101, 4, 5, 'continued', 81, '2025-06-26 20:23:38'),
(102, 4, 5, 'continued', 80, '2025-06-26 20:23:38'),
(103, 4, 5, 'continued', 82, '2025-06-26 20:23:38'),
(104, 4, 5, 'continued', 83, '2025-06-26 20:23:38'),
(105, 4, 5, 'continued', 84, '2025-06-26 20:23:39'),
(106, 4, 5, 'continued', 85, '2025-06-26 20:23:39'),
(107, 4, 5, 'continued', 87, '2025-06-26 20:23:39'),
(108, 4, 5, 'continued', 86, '2025-06-26 20:23:39'),
(109, 4, 5, 'continued', 88, '2025-06-26 20:23:39'),
(110, 4, 5, 'continued', 89, '2025-06-26 20:23:39'),
(111, 4, 5, 'continued', 91, '2025-06-26 20:23:39'),
(112, 4, 5, 'continued', 92, '2025-06-26 20:23:39'),
(113, 4, 5, 'continued', 94, '2025-06-26 20:23:39'),
(114, 4, 5, 'continued', 95, '2025-06-26 20:23:39'),
(115, 4, 5, 'continued', 96, '2025-06-26 20:23:39'),
(116, 4, 5, 'continued', 100, '2025-06-26 20:23:39'),
(117, 4, 5, 'continued', 101, '2025-06-26 20:23:39'),
(118, 4, 5, 'continued', 102, '2025-06-26 20:23:39'),
(119, 4, 5, 'continued', 103, '2025-06-26 20:23:39'),
(120, 4, 5, 'continued', 105, '2025-06-26 20:23:39'),
(121, 4, 5, 'continued', 106, '2025-06-26 20:23:40'),
(122, 4, 5, 'continued', 107, '2025-06-26 20:23:40'),
(123, 4, 5, 'continued', 108, '2025-06-26 20:23:41'),
(124, 4, 5, 'continued', 109, '2025-06-26 20:23:41'),
(125, 4, 5, 'continued', 110, '2025-06-26 20:23:41'),
(126, 4, 5, 'continued', 111, '2025-06-26 20:23:41'),
(127, 4, 5, 'continued', 113, '2025-06-26 20:23:41'),
(128, 4, 5, 'continued', 115, '2025-06-26 20:23:41'),
(129, 4, 5, 'continued', 116, '2025-06-26 20:23:41'),
(130, 4, 5, 'continued', 119, '2025-06-26 20:23:41'),
(131, 4, 5, 'continued', 120, '2025-06-26 20:23:41'),
(132, 4, 5, 'continued', 122, '2025-06-26 20:23:41'),
(133, 4, 5, 'continued', 123, '2025-06-26 20:23:41'),
(134, 4, 5, 'continued', 124, '2025-06-26 20:23:41'),
(135, 4, 5, 'continued', 125, '2025-06-26 20:23:41'),
(136, 4, 5, 'continued', 126, '2025-06-26 20:23:41'),
(137, 4, 5, 'continued', 127, '2025-06-26 20:23:42'),
(138, 4, 5, 'continued', 128, '2025-06-26 20:23:43'),
(139, 4, 5, 'continued', 129, '2025-06-26 20:23:43'),
(140, 4, 5, 'continued', 130, '2025-06-26 20:23:43'),
(141, 4, 5, 'continued', 131, '2025-06-26 20:23:43'),
(142, 4, 5, 'continued', 133, '2025-06-26 20:23:43'),
(143, 4, 5, 'continued', 135, '2025-06-26 20:23:43'),
(144, 4, 5, 'continued', 138, '2025-06-26 20:23:43'),
(145, 4, 5, 'continued', 139, '2025-06-26 20:23:43'),
(146, 4, 5, 'continued', 140, '2025-06-26 20:23:43'),
(147, 4, 5, 'continued', 141, '2025-06-26 20:23:43'),
(148, 4, 5, 'continued', 142, '2025-06-26 20:23:43'),
(149, 4, 5, 'continued', 143, '2025-06-26 20:23:44'),
(150, 3, 5, 'continued', 5, '2025-06-26 20:23:44'),
(151, 4, 5, 'continued', 144, '2025-06-26 20:23:44'),
(152, 3, 5, 'continued', 6, '2025-06-26 20:24:15'),
(153, 3, 5, 'continued', 7, '2025-06-26 20:24:40'),
(154, 3, 5, 'continued', 8, '2025-06-26 20:24:41'),
(155, 3, 5, 'continued', 9, '2025-06-26 20:24:42'),
(156, 3, 5, 'continued', 10, '2025-06-26 20:24:43'),
(157, 5, 5, 'continued', 1, '2025-06-26 20:31:08'),
(158, 5, 5, 'continued', 2, '2025-06-26 20:31:13'),
(159, 5, 5, 'continued', 3, '2025-06-26 20:31:22'),
(160, 5, 5, 'continued', 4, '2025-06-26 20:31:33'),
(161, 5, 5, 'continued', 5, '2025-06-26 20:31:35'),
(162, 5, 5, 'continued', 6, '2025-06-26 20:31:36'),
(163, 5, 5, 'continued', 7, '2025-06-26 20:31:36'),
(164, 5, 5, 'continued', 8, '2025-06-26 20:31:37'),
(165, 5, 5, 'continued', 9, '2025-06-26 20:31:37'),
(166, 2, 4, 'continued', 6, '2025-06-26 20:37:35'),
(167, 2, 4, 'continued', 7, '2025-06-26 20:37:39'),
(168, 2, 4, 'continued', 8, '2025-06-26 20:37:40'),
(169, 2, 4, 'continued', 9, '2025-06-26 20:38:18'),
(170, 2, 4, 'continued', 10, '2025-06-26 20:38:18'),
(171, 2, 4, 'continued', 11, '2025-06-26 20:38:18'),
(172, 2, 4, 'continued', 12, '2025-06-26 20:38:19'),
(173, 2, 4, 'continued', 13, '2025-06-26 20:38:37'),
(174, 2, 4, 'continued', 14, '2025-06-26 20:38:37'),
(175, 2, 4, 'continued', 15, '2025-06-26 20:38:37'),
(176, 2, 4, 'continued', 16, '2025-06-26 20:38:37'),
(177, 2, 4, 'continued', 17, '2025-06-26 20:38:38'),
(178, 2, 4, 'continued', 18, '2025-06-26 20:39:02'),
(179, 2, 4, 'continued', 19, '2025-06-26 20:39:05'),
(180, 2, 4, 'continued', 20, '2025-06-26 20:39:10'),
(181, 2, 4, 'continued', 21, '2025-06-26 20:39:12'),
(182, 2, 4, 'continued', 22, '2025-06-26 20:39:37'),
(183, 2, 4, 'continued', 23, '2025-06-26 20:39:40'),
(184, 2, 4, 'continued', 24, '2025-06-26 20:39:52'),
(185, 2, 4, 'continued', 25, '2025-06-26 20:39:58'),
(186, 2, 4, 'continued', 26, '2025-06-26 20:39:59'),
(187, 2, 4, 'continued', 27, '2025-06-26 20:40:19'),
(188, 2, 4, 'continued', 28, '2025-06-26 20:40:33'),
(189, 2, 4, 'continued', 29, '2025-06-26 20:40:35'),
(190, 2, 4, 'continued', 30, '2025-06-26 20:40:38'),
(191, 2, 4, 'continued', 31, '2025-06-26 20:40:39'),
(192, 2, 4, 'continued', 32, '2025-06-26 20:40:59'),
(193, 2, 4, 'continued', 33, '2025-06-26 20:41:01'),
(194, 2, 4, 'continued', 34, '2025-06-26 20:57:21'),
(195, 2, 4, 'continued', 35, '2025-06-26 20:57:21'),
(196, 2, 4, 'continued', 36, '2025-06-26 20:57:27'),
(197, 2, 4, 'continued', 37, '2025-06-26 20:57:51'),
(198, 2, 5, 'continued', 4, '2025-06-26 20:58:45'),
(199, 2, 5, 'continued', 5, '2025-06-26 20:58:47'),
(200, 2, 5, 'continued', 6, '2025-06-26 21:05:14'),
(201, 2, 5, 'continued', 7, '2025-06-26 21:15:11'),
(202, 2, 5, 'continued', 8, '2025-06-26 21:15:11'),
(203, 2, 5, 'continued', 9, '2025-06-26 21:15:12'),
(204, 2, 5, 'continued', 10, '2025-06-26 21:15:12'),
(205, 2, 5, 'continued', 11, '2025-06-26 21:15:12'),
(206, 2, 5, 'continued', 12, '2025-06-26 21:15:12'),
(207, 2, 5, 'continued', 13, '2025-06-26 21:22:29'),
(208, 2, 5, 'continued', 14, '2025-06-26 21:22:31'),
(209, 2, 5, 'continued', 15, '2025-06-26 21:24:59'),
(210, 2, 5, 'continued', 16, '2025-06-26 21:25:05'),
(211, 2, 5, 'continued', 17, '2025-06-26 21:25:11'),
(212, 2, 5, 'continued', 18, '2025-06-26 21:25:14'),
(213, 2, 5, 'continued', 19, '2025-06-26 21:25:14'),
(214, 2, 5, 'continued', 20, '2025-06-26 21:25:15'),
(215, 2, 5, 'continued', 21, '2025-06-26 21:25:15'),
(216, 2, 5, 'continued', 22, '2025-06-26 21:29:04'),
(217, 2, 5, 'continued', 23, '2025-06-26 21:29:19'),
(218, 2, 5, 'continued', 24, '2025-06-26 21:31:10'),
(219, 2, 5, 'continued', 25, '2025-06-26 21:31:51'),
(220, 2, 5, 'continued', 26, '2025-06-26 21:34:07'),
(221, 2, 5, 'continued', 27, '2025-06-26 21:35:01'),
(222, 2, 5, 'continued', 28, '2025-06-26 21:35:02'),
(223, 2, 5, 'continued', 29, '2025-06-26 21:38:48'),
(224, 2, 5, 'continued', 30, '2025-06-26 21:38:51'),
(225, 2, 5, 'continued', 31, '2025-06-26 21:42:00'),
(226, 2, 5, 'continued', 32, '2025-06-26 21:42:08'),
(227, 2, 5, 'continued', 33, '2025-06-26 21:42:46'),
(228, 2, 5, 'continued', 34, '2025-06-26 21:42:49'),
(239, 6, 4, 'continued', 1, '2025-06-26 21:58:45'),
(245, 2, 5, 'continued', 35, '2025-06-26 22:36:58'),
(251, 2, 5, 'continued', 36, '2025-06-26 23:39:12'),
(252, 2, 5, 'continued', 37, '2025-06-26 23:39:14'),
(253, 2, 5, 'continued', 38, '2025-06-26 23:39:47'),
(254, 2, 5, 'continued', 39, '2025-06-26 23:46:45'),
(255, 7, 5, 'continued', 1, '2025-06-26 23:53:44'),
(256, 7, 5, 'continued', 2, '2025-06-26 23:53:46'),
(257, 7, 5, 'continued', 3, '2025-06-26 23:53:50'),
(258, 7, 5, 'continued', 4, '2025-06-26 23:53:55'),
(259, 7, 5, 'continued', 5, '2025-06-27 00:03:18'),
(260, 7, 5, 'continued', 6, '2025-06-27 00:06:11'),
(261, 7, 5, 'continued', 7, '2025-06-27 00:08:44'),
(262, 7, 5, 'continued', 8, '2025-06-27 00:10:51'),
(263, 7, 5, 'continued', 9, '2025-06-27 00:10:54'),
(264, 2, 5, 'continued', 40, '2025-06-27 00:12:50'),
(265, 7, 5, 'continued', 10, '2025-06-27 00:13:13'),
(266, 2, 5, 'continued', 41, '2025-06-27 00:15:36'),
(267, 7, 5, 'continued', 11, '2025-06-27 00:15:43'),
(268, 7, 5, 'continued', 12, '2025-06-27 00:16:11'),
(269, 2, 5, 'continued', 42, '2025-06-27 00:18:07'),
(270, 2, 5, 'continued', 43, '2025-06-27 00:20:44'),
(271, 7, 5, 'continued', 13, '2025-06-27 00:21:17'),
(272, 2, 5, 'continued', 44, '2025-06-27 00:23:01'),
(273, 7, 5, 'continued', 14, '2025-06-27 00:23:24'),
(274, 7, 5, 'continued', 15, '2025-06-27 00:25:37'),
(275, 7, 5, 'continued', 16, '2025-06-27 00:32:18'),
(276, 7, 5, 'continued', 17, '2025-06-27 00:35:35'),
(277, 7, 5, 'continued', 18, '2025-06-27 00:38:17'),
(278, 7, 5, 'continued', 19, '2025-06-27 00:41:57'),
(279, 7, 5, 'continued', 20, '2025-06-27 00:43:31'),
(280, 7, 5, 'continued', 21, '2025-06-27 00:46:23'),
(281, 7, 5, 'continued', 22, '2025-06-27 00:46:26'),
(282, 7, 5, 'continued', 23, '2025-06-27 00:50:57'),
(283, 7, 5, 'continued', 24, '2025-06-27 00:53:24'),
(284, 7, 5, 'continued', 25, '2025-06-27 00:55:13'),
(285, 7, 5, 'continued', 26, '2025-06-27 00:56:53'),
(286, 2, 5, 'continued', 45, '2025-06-27 04:21:47'),
(287, 2, 5, 'continued', 46, '2025-06-27 04:21:48'),
(291, 2, 4, 'continued', 137, '2025-06-28 15:49:35'),
(310, 2, 4, 'continued', 138, '2025-06-28 19:35:46'),
(311, 2, 4, 'continued', 139, '2025-06-28 19:35:47'),
(334, 2, 5, 'continued', 47, '2025-06-30 07:03:09'),
(335, 2, 5, 'continued', 48, '2025-06-30 07:32:15'),
(336, 2, 5, 'continued', 49, '2025-06-30 07:35:50'),
(337, 2, 5, 'continued', 50, '2025-06-30 07:36:32'),
(338, 2, 5, 'continued', 51, '2025-06-30 08:08:50'),
(339, 2, 5, 'continued', 52, '2025-06-30 08:11:12'),
(340, 2, 5, 'continued', 53, '2025-06-30 08:11:39'),
(341, 2, 5, 'continued', 54, '2025-06-30 08:19:54'),
(342, 2, 5, 'continued', 55, '2025-06-30 08:22:33'),
(343, 2, 5, 'continued', 56, '2025-06-30 08:27:25'),
(344, 2, 5, 'continued', 57, '2025-06-30 08:30:06'),
(345, 2, 5, 'continued', 58, '2025-06-30 08:34:47'),
(346, 2, 5, 'continued', 59, '2025-06-30 08:57:51'),
(347, 2, 5, 'continued', 60, '2025-06-30 10:32:38'),
(348, 2, 5, 'continued', 61, '2025-06-30 10:36:21'),
(349, 2, 5, 'continued', 62, '2025-06-30 10:40:00'),
(350, 2, 5, 'continued', 63, '2025-06-30 10:50:46'),
(351, 2, 5, 'continued', 64, '2025-06-30 10:53:03'),
(352, 2, 5, 'continued', 65, '2025-06-30 10:55:02'),
(353, 2, 5, 'continued', 66, '2025-06-30 10:57:34'),
(354, 2, 5, 'continued', 67, '2025-06-30 11:00:12'),
(355, 2, 5, 'continued', 68, '2025-06-30 11:16:14'),
(356, 2, 5, 'continued', 69, '2025-06-30 11:18:36'),
(357, 2, 5, 'continued', 70, '2025-06-30 11:19:36'),
(358, 2, 5, 'continued', 71, '2025-06-30 11:21:43'),
(359, 2, 5, 'continued', 72, '2025-06-30 11:23:38'),
(360, 2, 5, 'continued', 73, '2025-06-30 11:27:12'),
(361, 2, 5, 'continued', 74, '2025-06-30 11:28:16'),
(362, 2, 5, 'continued', 75, '2025-06-30 11:30:40'),
(363, 2, 5, 'continued', 76, '2025-06-30 11:32:49'),
(364, 2, 5, 'continued', 77, '2025-06-30 11:37:46'),
(365, 2, 5, 'continued', 78, '2025-06-30 11:39:39'),
(366, 2, 5, 'continued', 79, '2025-06-30 11:42:01'),
(367, 2, 5, 'continued', 80, '2025-06-30 11:44:49'),
(368, 2, 5, 'continued', 81, '2025-06-30 11:54:24'),
(369, 2, 5, 'continued', 82, '2025-06-30 11:54:25'),
(370, 2, 5, 'continued', 83, '2025-06-30 11:54:29'),
(371, 2, 5, 'continued', 84, '2025-06-30 11:54:32'),
(372, 2, 5, 'continued', 85, '2025-06-30 11:54:54'),
(373, 2, 5, 'continued', 86, '2025-06-30 12:02:58'),
(374, 2, 5, 'continued', 87, '2025-06-30 12:05:28'),
(375, 2, 5, 'continued', 88, '2025-06-30 12:05:52'),
(376, 9, 5, 'continued', 1, '2025-06-30 12:28:22'),
(377, 9, 5, 'continued', 2, '2025-06-30 12:28:34'),
(378, 9, 5, 'continued', 3, '2025-06-30 12:28:42'),
(379, 9, 5, 'continued', 4, '2025-06-30 12:28:56'),
(381, 2, 2, 'continued', 1, '2025-06-30 15:44:09'),
(382, 2, 2, 'continued', 2, '2025-06-30 15:44:13'),
(383, 2, 2, 'continued', 3, '2025-06-30 15:44:15'),
(384, 2, 2, 'continued', 4, '2025-06-30 15:44:16'),
(385, 2, 2, 'continued', 5, '2025-06-30 15:44:16'),
(386, 2, 2, 'continued', 6, '2025-06-30 15:44:47'),
(387, 2, 2, 'continued', 7, '2025-06-30 15:44:53'),
(388, 10, 5, 'continued', 1, '2025-06-30 16:35:14'),
(389, 10, 5, 'continued', 2, '2025-06-30 16:35:21'),
(390, 10, 5, 'continued', 3, '2025-06-30 16:35:21'),
(391, 10, 5, 'continued', 4, '2025-06-30 16:35:24'),
(392, 10, 5, 'continued', 5, '2025-06-30 16:43:16'),
(393, 10, 5, 'continued', 6, '2025-06-30 16:43:43'),
(394, 10, 5, 'continued', 7, '2025-06-30 16:43:43'),
(395, 10, 5, 'continued', 8, '2025-06-30 16:43:43'),
(396, 10, 5, 'continued', 9, '2025-06-30 16:43:44'),
(397, 10, 5, 'continued', 10, '2025-06-30 16:44:31'),
(398, 10, 5, 'continued', 11, '2025-06-30 16:44:32'),
(399, 10, 5, 'continued', 12, '2025-06-30 16:44:32'),
(400, 10, 5, 'continued', 13, '2025-06-30 16:44:32'),
(401, 10, 5, 'continued', 14, '2025-06-30 16:44:32'),
(402, 10, 5, 'continued', 15, '2025-06-30 16:44:32'),
(403, 10, 5, 'continued', 16, '2025-06-30 16:44:32'),
(404, 10, 5, 'continued', 17, '2025-06-30 16:44:33'),
(405, 10, 5, 'continued', 18, '2025-06-30 16:44:33'),
(406, 10, 5, 'continued', 19, '2025-06-30 16:44:33'),
(407, 10, 5, 'continued', 20, '2025-06-30 16:44:34'),
(408, 10, 5, 'continued', 21, '2025-06-30 16:44:38'),
(409, 10, 5, 'continued', 22, '2025-06-30 16:54:14'),
(410, 10, 5, 'continued', 23, '2025-06-30 16:56:07'),
(411, 11, 5, 'continued', 1, '2025-07-01 07:47:58'),
(412, 11, 5, 'continued', 2, '2025-07-01 07:48:15'),
(413, 11, 5, 'continued', 3, '2025-07-01 07:48:19'),
(414, 11, 5, 'continued', 4, '2025-07-01 07:48:20'),
(415, 11, 5, 'continued', 5, '2025-07-01 07:50:49'),
(416, 11, 5, 'continued', 6, '2025-07-01 07:51:43'),
(418, 11, 5, 'continued', 7, '2025-07-01 07:53:53'),
(426, 2, 7, 'continued', 1, '2025-07-03 15:21:08'),
(427, 2, 7, 'continued', 2, '2025-07-03 15:23:34'),
(428, 2, 7, 'continued', 3, '2025-07-03 15:23:37'),
(429, 2, 7, 'continued', 4, '2025-07-03 15:23:42'),
(430, 13, 7, 'continued', 1, '2025-07-03 15:37:35'),
(431, 2, 7, 'continued', 5, '2025-07-03 15:42:38'),
(432, 13, 7, 'continued', 2, '2025-07-03 16:10:28'),
(433, 13, 7, 'continued', 3, '2025-07-03 16:11:47'),
(434, 2, 7, 'continued', 6, '2025-07-03 16:18:03'),
(435, 2, 7, 'continued', 7, '2025-07-03 16:18:40'),
(436, 13, 7, 'continued', 4, '2025-07-03 16:21:55'),
(437, 2, 7, 'continued', 8, '2025-07-03 16:23:21'),
(438, 2, 7, 'continued', 9, '2025-07-03 16:26:05'),
(439, 2, 7, 'continued', 10, '2025-07-03 16:28:30'),
(440, 2, 7, 'continued', 11, '2025-07-03 16:30:46'),
(441, 2, 7, 'continued', 12, '2025-07-03 17:31:42'),
(442, 2, 8, 'continued', 1, '2025-07-04 16:51:52'),
(443, 2, 8, 'continued', 2, '2025-07-04 16:51:55'),
(444, 2, 8, 'continued', 3, '2025-07-04 16:51:57'),
(445, 2, 8, 'continued', 4, '2025-07-04 16:52:00'),
(446, 2, 8, 'continued', 5, '2025-07-04 16:52:00'),
(447, 2, 8, 'continued', 6, '2025-07-04 16:52:01'),
(448, 2, 8, 'continued', 7, '2025-07-04 16:52:01'),
(449, 2, 8, 'continued', 8, '2025-07-04 16:52:02'),
(450, 2, 8, 'continued', 9, '2025-07-04 16:52:03'),
(451, 2, 8, 'continued', 10, '2025-07-06 15:41:06'),
(452, 2, 8, 'continued', 11, '2025-07-06 15:42:14'),
(453, 2, 8, 'continued', 12, '2025-07-07 08:08:00'),
(454, 2, 8, 'continued', 13, '2025-07-07 08:22:12'),
(455, 2, 8, 'continued', 14, '2025-07-07 08:23:35'),
(456, 2, 8, 'continued', 15, '2025-07-07 08:47:42'),
(457, 2, 8, 'continued', 16, '2025-07-07 09:08:15'),
(458, 2, 8, 'continued', 17, '2025-07-07 09:17:26'),
(459, 2, 8, 'continued', 18, '2025-07-07 09:39:14'),
(460, 2, 8, 'continued', 19, '2025-07-07 10:30:17'),
(461, 2, 8, 'continued', 20, '2025-07-07 10:40:10'),
(462, 2, 8, 'continued', 21, '2025-07-07 10:40:38'),
(463, 2, 8, 'continued', 22, '2025-07-07 10:43:30'),
(464, 2, 8, 'continued', 23, '2025-07-07 11:38:22'),
(465, 2, 8, 'continued', 24, '2025-07-07 11:39:37'),
(466, 2, 8, 'continued', 25, '2025-07-07 11:39:37'),
(467, 2, 8, 'continued', 26, '2025-07-07 11:44:06'),
(468, 2, 8, 'continued', 27, '2025-07-07 11:45:45'),
(469, 2, 8, 'continued', 28, '2025-07-07 11:47:12'),
(470, 2, 8, 'continued', 29, '2025-07-07 11:47:36'),
(471, 2, 8, 'continued', 30, '2025-07-07 11:48:50'),
(472, 2, 8, 'continued', 31, '2025-07-07 11:49:48'),
(473, 2, 8, 'continued', 32, '2025-07-08 08:39:23'),
(476, 2, 8, 'continued', 33, '2025-07-08 14:04:49'),
(477, 2, 8, 'continued', 34, '2025-07-08 14:53:14'),
(478, 2, 8, 'continued', 35, '2025-07-08 15:56:14'),
(479, 2, 8, 'continued', 36, '2025-07-08 15:57:03'),
(480, 2, 8, 'continued', 37, '2025-07-08 15:58:03'),
(481, 2, 8, 'continued', 38, '2025-07-08 16:01:10'),
(482, 2, 8, 'continued', 39, '2025-07-08 16:02:30'),
(483, 2, 8, 'continued', 40, '2025-07-08 16:03:26'),
(484, 2, 8, 'continued', 41, '2025-07-08 16:04:32'),
(485, 2, 8, 'continued', 46, '2025-07-08 16:10:51'),
(486, 2, 8, 'continued', 42, '2025-07-08 16:10:51'),
(487, 2, 8, 'continued', 43, '2025-07-18 17:33:49'),
(488, 2, 8, 'continued', 44, '2025-07-18 17:35:46'),
(489, 2, 8, 'continued', 45, '2025-07-18 17:35:46'),
(490, 2, 7, 'continued', 13, '2025-07-18 18:01:56'),
(491, 2, 7, 'continued', 14, '2025-07-18 18:01:56'),
(492, 14, 7, 'continued', 1, '2025-07-20 20:12:39'),
(493, 14, 7, 'continued', 2, '2025-07-20 20:12:51'),
(494, 14, 7, 'continued', 3, '2025-07-20 20:12:53'),
(495, 14, 7, 'continued', 4, '2025-07-20 20:12:53'),
(496, 14, 5, 'continued', 1, '2025-07-20 20:29:48'),
(497, 14, 5, 'continued', 2, '2025-07-20 20:29:50'),
(498, 14, 5, 'continued', 3, '2025-07-20 20:29:50'),
(499, 14, 5, 'continued', 4, '2025-07-20 20:29:50'),
(500, 14, 5, 'continued', 5, '2025-07-20 20:29:51'),
(501, 14, 5, 'continued', 6, '2025-07-20 20:29:51'),
(502, 14, 4, 'continued', 1, '2025-07-20 20:38:06'),
(503, 14, 2, 'continued', 1, '2025-07-21 05:55:32'),
(504, 14, 2, 'continued', 2, '2025-07-21 05:55:38'),
(505, 14, 2, 'continued', 3, '2025-07-21 05:55:39'),
(506, 14, 2, 'continued', 4, '2025-07-21 05:55:40'),
(507, 14, 2, 'continued', 5, '2025-07-21 05:55:41'),
(508, 14, 5, 'continued', 7, '2025-07-21 06:02:17'),
(509, 14, 5, 'continued', 8, '2025-07-21 06:02:17'),
(510, 14, 5, 'continued', 9, '2025-07-21 06:02:17'),
(511, 14, 5, 'continued', 10, '2025-07-21 06:02:17'),
(512, 14, 5, 'continued', 11, '2025-07-21 06:02:18'),
(513, 14, 5, 'continued', 12, '2025-07-21 06:02:18'),
(514, 14, 5, 'continued', 13, '2025-07-21 06:02:18'),
(515, 14, 5, 'continued', 14, '2025-07-21 06:02:18'),
(516, 14, 5, 'continued', 15, '2025-07-21 06:02:18'),
(517, 14, 5, 'continued', 16, '2025-07-21 06:02:18'),
(518, 2, 7, 'continued', 15, '2025-07-22 13:02:57'),
(519, 2, 7, 'continued', 16, '2025-07-22 13:02:57'),
(520, 2, 7, 'continued', 17, '2025-07-22 13:02:57'),
(521, 2, 7, 'continued', 18, '2025-07-22 13:02:57'),
(522, 2, 7, 'continued', 19, '2025-07-22 13:02:58'),
(523, 2, 7, 'continued', 20, '2025-07-23 10:06:45'),
(524, 19, 7, 'continued', 1, '2025-08-03 08:37:56'),
(525, 19, 7, 'continued', 2, '2025-08-03 08:42:11'),
(526, 19, 7, 'continued', 3, '2025-08-03 08:42:12'),
(527, 20, 5, 'continued', 1, '2025-08-03 13:20:31'),
(528, 20, 5, 'continued', 2, '2025-08-03 13:20:33'),
(529, 20, 5, 'continued', 3, '2025-08-03 13:20:35'),
(530, 20, 5, 'continued', 4, '2025-08-03 13:20:36'),
(531, 20, 5, 'continued', 5, '2025-08-03 13:23:36'),
(532, 20, 5, 'continued', 6, '2025-08-03 13:27:17'),
(533, 20, 5, 'continued', 7, '2025-08-03 13:27:17'),
(534, 20, 5, 'continued', 8, '2025-08-03 13:28:59'),
(535, 20, 5, 'continued', 9, '2025-08-03 13:29:02'),
(536, 20, 5, 'continued', 10, '2025-08-03 13:31:23'),
(537, 20, 5, 'continued', 11, '2025-08-03 13:33:08'),
(538, 20, 5, 'continued', 12, '2025-08-03 13:34:53'),
(539, 20, 5, 'continued', 13, '2025-08-03 13:36:29'),
(540, 20, 5, 'continued', 14, '2025-08-03 13:38:29'),
(541, 20, 5, 'continued', 15, '2025-08-03 13:40:27'),
(542, 20, 5, 'continued', 16, '2025-08-03 13:42:15'),
(543, 20, 5, 'continued', 17, '2025-08-03 13:44:22'),
(544, 20, 5, 'continued', 18, '2025-08-03 13:45:46'),
(545, 20, 5, 'continued', 19, '2025-08-03 13:46:53'),
(546, 20, 5, 'continued', 20, '2025-08-03 13:49:11'),
(547, 20, 5, 'continued', 21, '2025-08-03 13:51:05'),
(548, 20, 5, 'continued', 22, '2025-08-03 13:53:13'),
(549, 20, 5, 'continued', 23, '2025-08-03 13:54:59'),
(550, 20, 5, 'continued', 24, '2025-08-03 13:57:20'),
(551, 20, 5, 'continued', 25, '2025-08-03 13:59:10'),
(552, 20, 5, 'continued', 26, '2025-08-03 14:00:53'),
(553, 20, 5, 'continued', 27, '2025-08-03 14:02:45'),
(554, 20, 5, 'continued', 28, '2025-08-03 14:04:45'),
(555, 20, 5, 'continued', 29, '2025-08-03 14:06:40'),
(556, 20, 5, 'continued', 30, '2025-08-03 14:08:49'),
(557, 20, 5, 'continued', 31, '2025-08-03 14:11:02'),
(558, 20, 5, 'continued', 32, '2025-08-03 14:12:59'),
(559, 20, 5, 'continued', 33, '2025-08-03 14:14:41'),
(560, 20, 5, 'continued', 34, '2025-08-03 14:15:49'),
(561, 20, 5, 'continued', 35, '2025-08-03 14:17:12'),
(562, 20, 5, 'continued', 36, '2025-08-03 14:18:45'),
(563, 20, 5, 'continued', 37, '2025-08-03 14:19:16'),
(564, 20, 5, 'continued', 38, '2025-08-03 14:20:49'),
(565, 20, 5, 'continued', 39, '2025-08-03 14:22:35'),
(566, 20, 5, 'continued', 40, '2025-08-03 14:24:37'),
(567, 20, 5, 'continued', 41, '2025-08-03 14:26:48'),
(568, 20, 5, 'continued', 42, '2025-08-03 14:28:45'),
(569, 20, 5, 'continued', 43, '2025-08-03 14:30:44'),
(570, 20, 5, 'continued', 44, '2025-08-03 14:32:25'),
(571, 20, 5, 'continued', 45, '2025-08-03 14:34:23'),
(572, 20, 5, 'continued', 46, '2025-08-03 14:36:17'),
(573, 20, 5, 'continued', 47, '2025-08-03 14:38:07'),
(574, 20, 5, 'continued', 48, '2025-08-03 14:40:00'),
(575, 20, 5, 'continued', 49, '2025-08-03 14:42:22'),
(576, 20, 5, 'continued', 50, '2025-08-03 14:42:41'),
(577, 20, 5, 'continued', 51, '2025-08-03 14:43:44'),
(578, 20, 5, 'continued', 52, '2025-08-03 14:46:27'),
(579, 20, 5, 'continued', 53, '2025-08-03 14:46:37'),
(580, 20, 5, 'continued', 54, '2025-08-03 14:48:39'),
(581, 20, 5, 'continued', 55, '2025-08-03 14:49:58'),
(582, 20, 5, 'continued', 56, '2025-08-03 14:52:18'),
(583, 20, 5, 'continued', 57, '2025-08-03 14:54:01'),
(584, 20, 5, 'continued', 58, '2025-08-03 14:55:46'),
(585, 20, 5, 'continued', 59, '2025-08-03 15:29:24'),
(586, 20, 5, 'continued', 60, '2025-08-03 15:42:42'),
(587, 20, 5, 'continued', 61, '2025-08-03 15:45:40'),
(588, 20, 5, 'continued', 62, '2025-08-03 15:55:12'),
(589, 20, 5, 'continued', 63, '2025-08-03 15:59:58'),
(590, 20, 5, 'continued', 64, '2025-08-03 15:59:58'),
(591, 20, 5, 'continued', 65, '2025-08-03 16:05:39'),
(592, 20, 5, 'continued', 67, '2025-08-03 16:05:39'),
(593, 20, 5, 'continued', 68, '2025-08-03 16:19:41'),
(594, 20, 5, 'continued', 69, '2025-08-03 16:23:07'),
(595, 20, 5, 'continued', 70, '2025-08-03 16:23:50'),
(596, 20, 5, 'continued', 71, '2025-08-03 16:25:57'),
(597, 20, 5, 'continued', 72, '2025-08-03 16:26:51'),
(598, 20, 5, 'continued', 73, '2025-08-03 16:28:34'),
(599, 20, 5, 'continued', 74, '2025-08-03 16:30:10'),
(600, 20, 5, 'continued', 75, '2025-08-03 16:32:01'),
(601, 20, 4, 'continued', 1, '2025-08-03 16:33:42'),
(602, 20, 4, 'continued', 2, '2025-08-03 16:33:44'),
(603, 20, 4, 'continued', 3, '2025-08-03 16:33:45'),
(604, 20, 4, 'continued', 4, '2025-08-03 16:33:46'),
(605, 20, 4, 'continued', 5, '2025-08-03 16:33:47'),
(606, 20, 4, 'continued', 6, '2025-08-03 16:37:43'),
(607, 20, 4, 'continued', 7, '2025-08-03 17:11:57'),
(608, 20, 5, 'continued', 76, '2025-08-03 21:51:35'),
(609, 20, 5, 'continued', 77, '2025-08-03 21:55:29'),
(610, 20, 5, 'continued', 78, '2025-08-03 21:55:29'),
(611, 20, 5, 'continued', 79, '2025-08-03 22:09:54'),
(612, 20, 5, 'continued', 80, '2025-08-03 22:17:47'),
(613, 20, 5, 'continued', 82, '2025-08-03 22:17:48'),
(614, 20, 5, 'continued', 83, '2025-08-03 22:27:29'),
(615, 20, 5, 'continued', 84, '2025-08-03 22:30:42'),
(616, 20, 5, 'continued', 85, '2025-08-03 22:30:50'),
(617, 20, 5, 'continued', 86, '2025-08-03 22:33:40'),
(618, 20, 5, 'continued', 87, '2025-08-03 22:35:30'),
(619, 20, 5, 'continued', 88, '2025-08-03 22:35:47'),
(620, 20, 5, 'continued', 89, '2025-08-03 22:42:07'),
(621, 20, 5, 'continued', 90, '2025-08-03 22:45:05'),
(622, 20, 5, 'continued', 91, '2025-08-03 22:46:58'),
(623, 20, 5, 'continued', 92, '2025-08-03 22:48:27'),
(624, 20, 5, 'continued', 93, '2025-08-03 22:50:51'),
(625, 20, 5, 'continued', 94, '2025-08-03 22:52:15'),
(626, 20, 5, 'continued', 95, '2025-08-03 22:52:56'),
(627, 20, 5, 'continued', 96, '2025-08-03 22:54:18'),
(628, 20, 5, 'continued', 144, '2025-08-04 02:24:18'),
(629, 20, 5, 'continued', 97, '2025-08-04 02:24:19'),
(630, 20, 5, 'continued', 98, '2025-08-05 10:12:59'),
(631, 20, 5, 'continued', 101, '2025-08-05 10:12:59'),
(632, 20, 5, 'continued', 102, '2025-08-05 10:13:13'),
(633, 20, 4, 'continued', 8, '2025-08-05 10:30:40'),
(634, 20, 4, 'continued', 9, '2025-08-05 10:30:45'),
(635, 20, 4, 'continued', 10, '2025-08-05 10:32:30'),
(636, 20, 5, 'continued', 103, '2025-08-05 10:37:45'),
(637, 20, 5, 'continued', 104, '2025-08-05 10:52:51'),
(638, 20, 5, 'continued', 105, '2025-08-05 10:52:51'),
(639, 20, 5, 'continued', 106, '2025-08-05 11:02:55'),
(640, 20, 5, 'continued', 107, '2025-08-05 11:05:35'),
(641, 20, 5, 'continued', 108, '2025-08-05 11:05:35'),
(642, 20, 5, 'continued', 109, '2025-08-05 11:11:28'),
(643, 20, 5, 'continued', 110, '2025-08-05 11:14:19'),
(644, 20, 5, 'continued', 111, '2025-08-05 11:15:02'),
(645, 20, 5, 'continued', 112, '2025-08-05 11:15:47'),
(646, 20, 5, 'continued', 113, '2025-08-05 11:19:27'),
(647, 20, 5, 'continued', 114, '2025-08-05 11:24:07'),
(648, 20, 5, 'continued', 115, '2025-08-05 11:24:07'),
(649, 20, 5, 'continued', 116, '2025-08-05 11:24:07'),
(650, 20, 5, 'continued', 117, '2025-08-05 11:24:08'),
(651, 20, 5, 'continued', 118, '2025-08-05 11:24:09'),
(652, 20, 5, 'continued', 119, '2025-08-05 11:24:21'),
(653, 20, 5, 'continued', 120, '2025-08-05 11:24:22'),
(654, 20, 5, 'continued', 121, '2025-08-05 11:24:22'),
(655, 20, 5, 'continued', 122, '2025-08-05 11:24:23'),
(656, 20, 5, 'continued', 123, '2025-08-05 11:24:23'),
(657, 20, 5, 'continued', 124, '2025-08-05 11:24:24'),
(658, 20, 5, 'continued', 125, '2025-08-05 11:24:24'),
(659, 20, 5, 'continued', 126, '2025-08-05 11:24:24'),
(660, 20, 5, 'continued', 127, '2025-08-05 11:24:25'),
(661, 20, 5, 'continued', 128, '2025-08-05 11:24:25'),
(662, 20, 5, 'continued', 129, '2025-08-05 11:24:26'),
(663, 20, 5, 'continued', 130, '2025-08-05 11:24:26'),
(664, 20, 5, 'continued', 131, '2025-08-05 11:24:27'),
(665, 20, 5, 'continued', 132, '2025-08-05 11:24:27'),
(666, 20, 5, 'continued', 133, '2025-08-05 11:24:28'),
(667, 20, 5, 'continued', 134, '2025-08-05 11:24:28'),
(668, 20, 5, 'continued', 135, '2025-08-05 11:24:29'),
(669, 20, 5, 'continued', 136, '2025-08-05 11:24:29'),
(670, 20, 5, 'continued', 137, '2025-08-05 11:24:30'),
(671, 20, 5, 'continued', 138, '2025-08-05 11:24:30'),
(672, 20, 5, 'continued', 139, '2025-08-05 11:24:31'),
(673, 20, 5, 'continued', 140, '2025-08-05 11:24:41'),
(674, 20, 5, 'continued', 141, '2025-08-05 11:24:41'),
(675, 20, 5, 'continued', 142, '2025-08-05 11:24:42'),
(676, 20, 5, 'continued', 143, '2025-08-05 11:24:42'),
(677, 20, 4, 'continued', 11, '2025-08-05 11:27:59'),
(678, 20, 4, 'continued', 12, '2025-08-05 11:28:00'),
(679, 20, 4, 'continued', 13, '2025-08-05 11:28:00'),
(680, 20, 4, 'continued', 14, '2025-08-05 11:28:01'),
(681, 20, 4, 'continued', 15, '2025-08-05 11:28:02'),
(682, 20, 4, 'continued', 16, '2025-08-05 11:28:03'),
(683, 20, 4, 'continued', 17, '2025-08-05 11:28:03'),
(684, 20, 4, 'continued', 18, '2025-08-05 11:28:04'),
(685, 20, 4, 'continued', 19, '2025-08-05 11:28:05'),
(686, 20, 4, 'continued', 20, '2025-08-05 11:28:06'),
(687, 20, 4, 'continued', 21, '2025-08-05 11:28:07'),
(688, 20, 4, 'continued', 22, '2025-08-05 11:28:07'),
(689, 20, 4, 'continued', 23, '2025-08-05 11:28:08'),
(690, 20, 4, 'continued', 24, '2025-08-05 11:28:09'),
(691, 20, 4, 'continued', 25, '2025-08-05 11:28:10'),
(692, 20, 4, 'continued', 26, '2025-08-05 11:28:10'),
(693, 20, 4, 'continued', 27, '2025-08-05 11:28:11'),
(694, 20, 4, 'continued', 28, '2025-08-05 11:28:12'),
(695, 20, 4, 'continued', 29, '2025-08-05 11:28:12'),
(696, 20, 4, 'continued', 30, '2025-08-05 11:28:13'),
(697, 20, 4, 'continued', 31, '2025-08-05 11:28:14'),
(698, 20, 4, 'continued', 32, '2025-08-05 11:28:14'),
(699, 20, 4, 'continued', 33, '2025-08-05 11:50:50'),
(700, 20, 4, 'continued', 34, '2025-08-05 11:50:50'),
(701, 20, 4, 'continued', 35, '2025-08-05 11:50:51'),
(702, 20, 4, 'continued', 36, '2025-08-05 11:50:51'),
(703, 20, 4, 'continued', 37, '2025-08-05 11:50:52'),
(704, 20, 4, 'continued', 38, '2025-08-05 11:50:52'),
(742, 20, 2, 'continued', 1, '2025-08-06 14:30:15'),
(743, 20, 2, 'continued', 2, '2025-08-06 14:30:17'),
(744, 20, 2, 'continued', 3, '2025-08-06 14:30:17'),
(745, 20, 2, 'continued', 4, '2025-08-06 14:30:18'),
(746, 20, 2, 'continued', 5, '2025-08-06 14:30:19'),
(747, 20, 2, 'continued', 6, '2025-08-06 14:37:36'),
(748, 20, 2, 'continued', 7, '2025-08-06 14:39:44'),
(749, 20, 2, 'continued', 8, '2025-08-06 14:54:13'),
(750, 20, 2, 'continued', 13, '2025-08-06 14:54:13'),
(751, 20, 2, 'continued', 14, '2025-08-07 09:12:05'),
(752, 20, 2, 'continued', 17, '2025-08-07 09:12:05'),
(753, 20, 2, 'continued', 18, '2025-08-08 18:52:38'),
(754, 20, 2, 'continued', 19, '2025-08-08 18:52:38'),
(755, 20, 2, 'continued', 20, '2025-08-08 18:52:38'),
(756, 20, 2, 'continued', 21, '2025-08-08 18:52:38'),
(757, 20, 8, 'continued', 1, '2025-08-08 19:04:22'),
(758, 20, 8, 'continued', 2, '2025-08-08 19:04:23'),
(759, 20, 8, 'continued', 3, '2025-08-08 19:04:24'),
(760, 20, 8, 'continued', 4, '2025-08-08 19:04:26'),
(761, 2, 5, 'continued', 89, '2025-08-11 07:30:10'),
(762, 2, 5, 'continued', 90, '2025-08-11 07:32:02'),
(763, 2, 5, 'continued', 91, '2025-08-11 07:34:10'),
(764, 2, 5, 'continued', 92, '2025-08-11 07:35:52'),
(765, 2, 5, 'continued', 93, '2025-08-11 07:37:59'),
(766, 2, 5, 'continued', 94, '2025-08-11 07:51:45'),
(767, 2, 5, 'continued', 100, '2025-08-11 07:51:45'),
(768, 2, 5, 'continued', 101, '2025-08-25 16:33:56'),
(769, 2, 5, 'continued', 103, '2025-08-25 16:33:56'),
(770, 2, 5, 'continued', 104, '2025-08-25 16:40:07'),
(771, 2, 5, 'continued', 105, '2025-08-25 16:40:07'),
(772, 24, 5, 'continued', 1, '2025-09-27 08:58:19'),
(773, 24, 5, 'continued', 2, '2025-09-27 08:58:20'),
(774, 24, 5, 'continued', 3, '2025-09-27 08:58:20'),
(775, 24, 5, 'continued', 4, '2025-09-27 08:58:20'),
(776, 24, 5, 'continued', 5, '2025-09-27 08:58:20'),
(777, 24, 5, 'continued', 6, '2025-09-27 08:58:21'),
(778, 25, 8, 'continued', 1, '2025-09-27 09:02:25'),
(779, 25, 8, 'continued', 2, '2025-09-27 09:02:29'),
(780, 25, 8, 'continued', 3, '2025-09-27 09:02:59'),
(781, 25, 8, 'continued', 4, '2025-09-27 09:03:46'),
(782, 25, 8, 'continued', 5, '2025-09-27 09:03:50'),
(783, 25, 8, 'continued', 6, '2025-09-27 09:03:53'),
(784, 25, 8, 'continued', 7, '2025-09-27 09:03:55'),
(785, 25, 8, 'continued', 8, '2025-09-27 09:04:14'),
(786, 25, 8, 'continued', 10, '2025-09-27 09:05:15'),
(787, 25, 8, 'continued', 11, '2025-09-27 09:05:15'),
(788, 25, 8, 'continued', 9, '2025-09-27 09:05:22'),
(789, 24, 5, 'continued', 7, '2025-09-27 15:57:59'),
(790, 24, 5, 'continued', 8, '2025-09-27 15:59:54'),
(791, 24, 5, 'continued', 9, '2025-09-27 15:59:58'),
(792, 24, 5, 'continued', 10, '2025-09-27 16:03:47'),
(793, 24, 5, 'continued', 11, '2025-09-27 16:05:36'),
(794, 24, 5, 'continued', 12, '2025-09-27 16:07:23'),
(795, 24, 5, 'continued', 13, '2025-09-27 16:09:06'),
(796, 24, 5, 'continued', 14, '2025-09-27 16:11:04'),
(797, 24, 5, 'continued', 15, '2025-09-27 16:13:06'),
(798, 24, 5, 'continued', 16, '2025-09-27 16:14:59'),
(799, 24, 5, 'continued', 17, '2025-09-27 16:17:08'),
(800, 24, 5, 'continued', 18, '2025-09-27 16:18:36'),
(801, 24, 5, 'continued', 19, '2025-09-27 16:19:41'),
(802, 24, 5, 'continued', 20, '2025-09-27 16:23:17'),
(803, 24, 5, 'continued', 21, '2025-09-27 16:25:15'),
(804, 24, 5, 'continued', 22, '2025-09-27 16:27:29'),
(805, 24, 5, 'continued', 23, '2025-09-27 16:29:18'),
(806, 24, 5, 'continued', 24, '2025-09-27 16:31:29'),
(807, 24, 5, 'continued', 25, '2025-09-27 16:33:32'),
(808, 24, 5, 'continued', 26, '2025-09-27 16:35:24'),
(809, 24, 5, 'continued', 27, '2025-09-27 16:38:03'),
(810, 24, 5, 'continued', 28, '2025-09-27 16:39:04'),
(811, 24, 5, 'continued', 29, '2025-09-27 16:39:59'),
(812, 24, 5, 'continued', 30, '2025-09-27 16:40:54'),
(813, 24, 5, 'continued', 31, '2025-09-27 16:41:50');

-- --------------------------------------------------------

--
-- Structure de la table `reading_sessions`
--

CREATE TABLE `reading_sessions` (
  `id` int(11) NOT NULL,
  `user_id` int(11) DEFAULT NULL,
  `book_id` int(11) DEFAULT NULL,
  `start_time` datetime NOT NULL,
  `end_time` datetime DEFAULT NULL,
  `start_page` int(11) DEFAULT NULL,
  `end_page` int(11) DEFAULT NULL,
  `duration_minutes` int(11) DEFAULT NULL,
  `created_at` timestamp NULL DEFAULT current_timestamp()
) ENGINE=InnoDB DEFAULT CHARSET=utf8mb4 COLLATE=utf8mb4_general_ci;

-- --------------------------------------------------------

--
-- Structure de la table `users`
--

CREATE TABLE `users` (
  `id` int(11) NOT NULL,
  `username` varchar(50) NOT NULL,
  `password` varchar(255) NOT NULL,
  `email` varchar(100) NOT NULL,
  `first_name` varchar(50) DEFAULT NULL,
  `last_name` varchar(50) DEFAULT NULL,
  `profile_picture` varchar(255) DEFAULT NULL,
  `role` enum('admin','user') DEFAULT 'user',
  `is_active` tinyint(1) DEFAULT 1,
  `email_verified_at` datetime DEFAULT NULL,
  `email_verification_token` varchar(255) DEFAULT NULL,
  `password_reset_token` varchar(255) DEFAULT NULL,
  `password_reset_expires` datetime DEFAULT NULL,
  `last_login` datetime DEFAULT NULL,
  `created_at` timestamp NULL DEFAULT current_timestamp(),
  `updated_at` timestamp NULL DEFAULT current_timestamp() ON UPDATE current_timestamp()
) ENGINE=InnoDB DEFAULT CHARSET=utf8mb4 COLLATE=utf8mb4_general_ci;

--
-- Déchargement des données de la table `users`
--

INSERT INTO `users` (`id`, `username`, `password`, `email`, `first_name`, `last_name`, `profile_picture`, `role`, `is_active`, `email_verified_at`, `email_verification_token`, `password_reset_token`, `password_reset_expires`, `last_login`, `created_at`, `updated_at`) VALUES
(2, 'Christian', '$2y$10$B2xqYopDTgpFXQCuiZPkwesG94PmhDf4R1quESCVxWKKl4.EwrMQ2', 'ondiyochristian10@gmail.com', 'CHRISTIAN', 'ONDIYO', '../assets/uploads/profiles/2_1758893615.jpg', 'admin', 1, '2025-08-02 20:58:02', NULL, NULL, NULL, '2025-09-27 18:47:30', '2025-04-30 20:03:54', '2025-09-27 16:47:30'),
(20, 'Christianstark', '$2y$10$94fVqH402GKTu/hBLgn7NeZXz7p9GhIusomec8voNUO3zQY.S/nSK', 'christianondiyo78@gmail.com', 'CHRISTIAN', 'ONDIYO', '../assets/uploads/profiles/20_1754394741.jpg', 'user', 1, '2025-08-03 14:59:31', NULL, NULL, NULL, '2025-09-11 09:21:05', '2025-08-03 12:58:47', '2025-09-11 07:21:05'),
(24, 'Christi', '$2y$10$C2bjzqsD3ME.8egb0qroduiJFQOZDIYqlPyueiPW8UzBUpwXbNVQu', 'ondiyochristian12@gmail.com', 'hello', 'parfait', '../assets/uploads/profiles/24_1758991539.png', 'user', 1, '2025-09-27 10:56:02', NULL, NULL, NULL, '2025-09-27 17:50:56', '2025-09-27 08:55:28', '2025-09-27 16:45:39'),
(25, 'abigaelmak@yahoo.com', '$2y$10$UnT8dgDARKE1i6XO4s8e/e1pliIFTSqO8y8X3WbRfjwfCE0nn6/PS', 'abigaelmak@yahoo.com', 'Abigaëlle', 'Makandu', '../assets/uploads/profiles/25_1758964220.jpeg', 'user', 1, '2025-09-27 10:57:22', NULL, NULL, NULL, '2025-09-27 10:57:28', '2025-09-27 08:56:24', '2025-09-27 09:10:20');

-- --------------------------------------------------------

--
-- Structure de la table `user_library`
--

CREATE TABLE `user_library` (
  `user_id` int(11) NOT NULL,
  `book_id` int(11) NOT NULL,
  `last_page_read` int(11) DEFAULT 1,
  `is_favorite` tinyint(1) DEFAULT 0,
  `added_at` timestamp NULL DEFAULT current_timestamp(),
  `last_read_at` timestamp NULL DEFAULT NULL
) ENGINE=InnoDB DEFAULT CHARSET=utf8mb4 COLLATE=utf8mb4_general_ci;

--
-- Déchargement des données de la table `user_library`
--

INSERT INTO `user_library` (`user_id`, `book_id`, `last_page_read`, `is_favorite`, `added_at`, `last_read_at`) VALUES
(2, 2, 4, 0, '2025-08-09 14:48:32', '2025-09-27 16:48:56'),
(2, 5, 14, 0, '2025-09-14 18:47:00', '2025-09-27 09:33:30'),
(2, 7, 20, 0, '2025-07-03 15:20:56', '2025-09-10 17:38:32'),
(2, 8, 15, 0, '2025-09-08 12:39:09', '2025-09-27 17:02:27'),
(3, 5, 10, 0, '2025-06-26 20:23:16', '2025-06-26 20:24:43'),
(4, 5, 144, 0, '2025-06-26 20:22:41', '2025-06-26 20:23:52'),
(5, 5, 9, 0, '2025-06-26 20:31:07', '2025-06-26 20:31:41'),
(6, 4, 1, 0, '2025-06-26 21:58:42', '2025-06-26 21:58:45'),
(7, 5, 25, 0, '2025-06-26 23:53:40', '2025-06-27 01:01:36'),
(9, 5, 4, 0, '2025-06-30 12:28:17', '2025-06-30 12:40:21'),
(10, 5, 23, 0, '2025-06-30 16:34:56', '2025-06-30 16:56:07'),
(11, 5, 7, 0, '2025-07-01 07:47:54', '2025-07-01 07:53:53'),
(13, 7, 4, 0, '2025-07-03 15:37:33', '2025-07-03 16:21:55'),
(14, 2, 5, 1, '2025-07-20 20:43:33', '2025-07-21 05:55:45'),
(14, 5, 16, 0, '2025-07-20 20:29:47', '2025-07-21 06:02:18'),
(14, 7, 4, 1, '2025-07-20 20:12:39', '2025-07-21 11:27:11'),
(19, 7, 3, 0, '2025-08-03 08:37:34', '2025-08-03 09:10:28'),
(20, 2, 17, 0, '2025-08-06 14:28:48', '2025-08-08 18:53:10'),
(20, 4, 38, 1, '2025-08-03 16:33:34', '2025-08-05 12:10:14'),
(20, 5, 144, 1, '2025-08-03 13:20:20', '2025-08-05 16:26:40'),
(20, 8, 4, 0, '2025-08-08 19:04:14', '2025-08-08 19:05:18'),
(24, 2, 1, 0, '2025-09-27 16:46:13', NULL),
(24, 5, 31, 1, '2025-09-27 08:58:10', '2025-09-27 16:41:50'),
(24, 7, 1, 0, '2025-09-27 16:20:32', NULL),
(25, 8, 8, 0, '2025-09-27 09:00:18', '2025-09-27 09:05:24');

--
-- Index pour les tables déchargées
--

--
-- Index pour la table `bookmarks`
--
ALTER TABLE `bookmarks`
  ADD PRIMARY KEY (`id`),
  ADD KEY `user_id` (`user_id`),
  ADD KEY `book_id` (`book_id`);

--
-- Index pour la table `books`
--
ALTER TABLE `books`
  ADD PRIMARY KEY (`id`);

--
-- Index pour la table `book_categories`
--
ALTER TABLE `book_categories`
  ADD PRIMARY KEY (`book_id`,`category_id`),
  ADD KEY `category_id` (`category_id`);

--
-- Index pour la table `categories`
--
ALTER TABLE `categories`
  ADD PRIMARY KEY (`id`),
  ADD KEY `parent_id` (`parent_id`);

--
-- Index pour la table `comments`
--
ALTER TABLE `comments`
  ADD PRIMARY KEY (`id`),
  ADD KEY `user_id` (`user_id`),
  ADD KEY `book_id` (`book_id`);

--
-- Index pour la table `notes`
--
ALTER TABLE `notes`
  ADD PRIMARY KEY (`id`),
  ADD KEY `user_id` (`user_id`),
  ADD KEY `book_id` (`book_id`);

--
-- Index pour la table `reading_history`
--
ALTER TABLE `reading_history`
  ADD PRIMARY KEY (`id`),
  ADD KEY `user_id` (`user_id`),
  ADD KEY `book_id` (`book_id`);

--
-- Index pour la table `reading_sessions`
--
ALTER TABLE `reading_sessions`
  ADD PRIMARY KEY (`id`),
  ADD KEY `user_id` (`user_id`),
  ADD KEY `book_id` (`book_id`);

--
-- Index pour la table `users`
--
ALTER TABLE `users`
  ADD PRIMARY KEY (`id`),
  ADD UNIQUE KEY `email` (`email`);

--
-- Index pour la table `user_library`
--
ALTER TABLE `user_library`
  ADD PRIMARY KEY (`user_id`,`book_id`),
  ADD KEY `book_id` (`book_id`);

--
-- AUTO_INCREMENT pour les tables déchargées
--

--
-- AUTO_INCREMENT pour la table `bookmarks`
--
ALTER TABLE `bookmarks`
  MODIFY `id` int(11) NOT NULL AUTO_INCREMENT, AUTO_INCREMENT=5;

--
-- AUTO_INCREMENT pour la table `books`
--
ALTER TABLE `books`
  MODIFY `id` int(11) NOT NULL AUTO_INCREMENT, AUTO_INCREMENT=10;

--
-- AUTO_INCREMENT pour la table `categories`
--
ALTER TABLE `categories`
  MODIFY `id` int(11) NOT NULL AUTO_INCREMENT, AUTO_INCREMENT=7;

--
-- AUTO_INCREMENT pour la table `comments`
--
ALTER TABLE `comments`
  MODIFY `id` int(11) NOT NULL AUTO_INCREMENT, AUTO_INCREMENT=33;

--
-- AUTO_INCREMENT pour la table `notes`
--
ALTER TABLE `notes`
  MODIFY `id` int(11) NOT NULL AUTO_INCREMENT, AUTO_INCREMENT=9;

--
-- AUTO_INCREMENT pour la table `reading_history`
--
ALTER TABLE `reading_history`
  MODIFY `id` int(11) NOT NULL AUTO_INCREMENT, AUTO_INCREMENT=814;

--
-- AUTO_INCREMENT pour la table `reading_sessions`
--
ALTER TABLE `reading_sessions`
  MODIFY `id` int(11) NOT NULL AUTO_INCREMENT;

--
-- AUTO_INCREMENT pour la table `users`
--
ALTER TABLE `users`
  MODIFY `id` int(11) NOT NULL AUTO_INCREMENT, AUTO_INCREMENT=26;

--
-- Contraintes pour les tables déchargées
--

--
-- Contraintes pour la table `bookmarks`
--
ALTER TABLE `bookmarks`
  ADD CONSTRAINT `bookmarks_ibfk_1` FOREIGN KEY (`user_id`) REFERENCES `users` (`id`) ON DELETE CASCADE,
  ADD CONSTRAINT `bookmarks_ibfk_2` FOREIGN KEY (`book_id`) REFERENCES `books` (`id`) ON DELETE CASCADE;

--
-- Contraintes pour la table `book_categories`
--
ALTER TABLE `book_categories`
  ADD CONSTRAINT `book_categories_ibfk_1` FOREIGN KEY (`book_id`) REFERENCES `books` (`id`) ON DELETE CASCADE,
  ADD CONSTRAINT `book_categories_ibfk_2` FOREIGN KEY (`category_id`) REFERENCES `categories` (`id`) ON DELETE CASCADE;

--
-- Contraintes pour la table `categories`
--
ALTER TABLE `categories`
  ADD CONSTRAINT `categories_ibfk_1` FOREIGN KEY (`parent_id`) REFERENCES `categories` (`id`) ON DELETE SET NULL;

--
-- Contraintes pour la table `comments`
--
ALTER TABLE `comments`
  ADD CONSTRAINT `comments_ibfk_1` FOREIGN KEY (`user_id`) REFERENCES `users` (`id`) ON DELETE SET NULL,
  ADD CONSTRAINT `comments_ibfk_2` FOREIGN KEY (`book_id`) REFERENCES `books` (`id`) ON DELETE CASCADE;

--
-- Contraintes pour la table `notes`
--
ALTER TABLE `notes`
  ADD CONSTRAINT `notes_ibfk_1` FOREIGN KEY (`user_id`) REFERENCES `users` (`id`) ON DELETE CASCADE,
  ADD CONSTRAINT `notes_ibfk_2` FOREIGN KEY (`book_id`) REFERENCES `books` (`id`) ON DELETE CASCADE;

--
-- Contraintes pour la table `reading_sessions`
--
ALTER TABLE `reading_sessions`
  ADD CONSTRAINT `reading_sessions_ibfk_1` FOREIGN KEY (`user_id`) REFERENCES `users` (`id`) ON DELETE CASCADE,
  ADD CONSTRAINT `reading_sessions_ibfk_2` FOREIGN KEY (`book_id`) REFERENCES `books` (`id`) ON DELETE CASCADE;
COMMIT;

/*!40101 SET CHARACTER_SET_CLIENT=@OLD_CHARACTER_SET_CLIENT */;
/*!40101 SET CHARACTER_SET_RESULTS=@OLD_CHARACTER_SET_RESULTS */;
/*!40101 SET COLLATION_CONNECTION=@OLD_COLLATION_CONNECTION */;
